{
	"pos": [0,0,-20],
	"verts": {
		"data": [5.929688,4.125,0,5.387188,4.125,2.7475,5.2971,4.494141,2.70917,5.832031,4.494141,0,5.401602,4.617188,2.753633,5.945313,4.617188,0,5.614209,4.494141,2.844092,6.175781,4.494141,0,5.848437,4.125,2.94375,6.429688,4.125,0,3.899688,4.125,4.97,3.830352,4.494141,4.900664,3.910782,4.617188,4.981094,4.074414,4.494141,5.144727,4.254687,4.125,5.325,1.677188,4.125,6.4575,1.638858,4.494141,6.367412,1.68332,4.617188,6.471914,1.77378,4.494141,6.684522,1.873438,4.125,6.91875,-1.070312,4.125,7,-1.070312,4.494141,6.902344,-1.070312,4.617188,7.015625,-1.070312,4.494141,7.246094,-1.070312,4.125,7.5,-1.070312,4.125,7,-4.007656,4.125,6.4575,-3.859572,4.494141,6.367412,-1.070312,4.494141,6.902344,-3.847676,4.617188,6.471914,-1.070312,4.617188,7.015625,-3.917371,4.494141,6.684522,-1.070312,4.494141,7.246094,-4.014062,4.125,6.91875,-1.070312,4.125,7.5,-6.209063,4.125,4.97,-6.042168,4.494141,4.900664,-6.0725,4.617188,4.981094,-6.217675,4.494141,5.144727,-6.395312,4.125,5.325,-7.591093,4.125,2.7475,-7.464421,4.494141,2.70917,-7.550137,4.617188,2.753633,-7.755822,4.494141,2.844092,-7.989062,4.125,2.94375,-8.070313,4.125,0,-7.972656,4.494141,0,-8.085938,4.617188,0,-8.316406,4.494141,0,-8.570313,4.125,0,-8.070313,4.125,0,-7.527812,4.125,-2.7475,-7.437724,4.494141,-2.70917,-7.972656,4.494141,0,-7.542227,4.617188,-2.753633,-8.085938,4.617188,0,-7.754834,4.494141,-2.844092,-8.316406,4.494141,0,-7.989062,4.125,-2.94375,-8.570313,4.125,0,-6.040312,4.125,-4.97,-5.970977,4.494141,-4.900664,-6.051406,4.617188,-4.981094,-6.215039,4.494141,-5.144727,-6.395312,4.125,-5.325,-3.817812,4.125,-6.4575,-3.779482,4.494141,-6.367412,-3.823945,4.617188,-6.471914,-3.914404,4.494141,-6.684522,-4.014062,4.125,-6.91875,-1.070312,4.125,-7,-1.070312,4.494141,-6.902344,-1.070312,4.617188,-7.015625,-1.070312,4.494141,-7.246094,-1.070312,4.125,-7.5,-1.070312,4.125,-7,1.677188,4.125,-6.4575,1.638858,4.494141,-6.367412,-1.070312,4.494141,-6.902344,1.68332,4.617188,-6.471914,-1.070312,4.617188,-7.015625,1.77378,4.494141,-6.684522,-1.070312,4.494141,-7.246094,1.873438,4.125,-6.91875,-1.070312,4.125,-7.5,3.899688,4.125,-4.97,3.830352,4.494141,-4.900664,3.910782,4.617188,-4.981094,4.074414,4.494141,-5.144727,4.254687,4.125,-5.325,5.387188,4.125,-2.7475,5.2971,4.494141,-2.70917,5.401602,4.617188,-2.753633,5.614209,4.494141,-2.844092,5.848437,4.125,-2.94375,5.929688,4.125,0,5.832031,4.494141,0,5.945313,4.617188,0,6.175781,4.494141,0,6.429688,4.125,0,6.429688,4.125,0,5.848437,4.125,2.94375,6.695264,2.162109,3.304053,7.347656,2.162109,0,7.433985,0.234375,3.61836,8.148438,0.234375,0,7.956494,-1.623047,3.840674,8.714844,-1.623047,0,8.154688,-3.375,3.925,8.929688,-3.375,0,4.254687,4.125,5.325,4.906446,2.162109,5.976758,5.475,0.234375,6.545312,5.877149,-1.623047,6.947461,6.029688,-3.375,7.1,1.873438,4.125,6.91875,2.23374,2.162109,7.765576,2.548047,0.234375,8.504297,2.770362,-1.623047,9.026807,2.854688,-3.375,9.225,-1.070312,4.125,7.5,-1.070312,2.162109,8.417969,-1.070312,0.234375,9.21875,-1.070312,-1.623047,9.785156,-1.070312,-3.375,10,-1.070312,4.125,7.5,-4.014062,4.125,6.91875,-4.374365,2.162109,7.765576,-1.070312,2.162109,8.417969,-4.688672,0.234375,8.504297,-1.070312,0.234375,9.21875,-4.910986,-1.623047,9.026807,-1.070312,-1.623047,9.785156,-4.995313,-3.375,9.225,-1.070312,-3.375,10,-6.395312,4.125,5.325,-7.047071,2.162109,5.976758,-7.615624,0.234375,6.545312,-8.017773,-1.623047,6.947461,-8.170312,-3.375,7.1,-7.989062,4.125,2.94375,-8.835889,2.162109,3.304053,-9.57461,0.234375,3.61836,-10.097119,-1.623047,3.840674,-10.295313,-3.375,3.925,-8.570313,4.125,0,-9.488281,2.162109,0,-10.289063,0.234375,0,-10.855469,-1.623047,0,-11.070313,-3.375,0,-8.570313,4.125,0,-7.989062,4.125,-2.94375,-8.835889,2.162109,-3.304053,-9.488281,2.162109,0,-9.57461,0.234375,-3.61836,-10.289063,0.234375,0,-10.097119,-1.623047,-3.840674,-10.855469,-1.623047,0,-10.295313,-3.375,-3.925,-11.070313,-3.375,0,-6.395312,4.125,-5.325,-7.047071,2.162109,-5.976758,-7.615624,0.234375,-6.545312,-8.017773,-1.623047,-6.947461,-8.170312,-3.375,-7.1,-4.014062,4.125,-6.91875,-4.374365,2.162109,-7.765576,-4.688672,0.234375,-8.504297,-4.910986,-1.623047,-9.026807,-4.995313,-3.375,-9.225,-1.070312,4.125,-7.5,-1.070312,2.162109,-8.417969,-1.070312,0.234375,-9.21875,-1.070312,-1.623047,-9.785156,-1.070312,-3.375,-10,-1.070312,4.125,-7.5,1.873438,4.125,-6.91875,2.23374,2.162109,-7.765576,-1.070312,2.162109,-8.417969,2.548047,0.234375,-8.504297,-1.070312,0.234375,-9.21875,2.770362,-1.623047,-9.026807,-1.070312,-1.623047,-9.785156,2.854688,-3.375,-9.225,-1.070312,-3.375,-10,4.254687,4.125,-5.325,4.906446,2.162109,-5.976758,5.475,0.234375,-6.545312,5.877149,-1.623047,-6.947461,6.029688,-3.375,-7.1,5.848437,4.125,-2.94375,6.695264,2.162109,-3.304053,7.433985,0.234375,-3.61836,7.956494,-1.623047,-3.840674,8.154688,-3.375,-3.925,6.429688,4.125,0,7.347656,2.162109,0,8.148438,0.234375,0,8.714844,-1.623047,0,8.929688,-3.375,0,8.929688,-3.375,0,8.154688,-3.375,3.925,7.794336,-4.857422,3.77168,8.539063,-4.857422,0,7.001562,-5.953125,3.434375,7.679688,-5.953125,0,6.208789,-6.697266,3.09707,6.820313,-6.697266,0,5.848437,-7.125,2.94375,6.429688,-7.125,0,6.029688,-3.375,7.1,5.752343,-4.857422,6.822656,5.142187,-5.953125,6.2125,4.532031,-6.697266,5.602344,4.254687,-7.125,5.325,2.854688,-3.375,9.225,2.701367,-4.857422,8.864649,2.364063,-5.953125,8.071875,2.026758,-6.697266,7.279101,1.873438,-7.125,6.91875,-1.070312,-3.375,10,-1.070312,-4.857422,9.609375,-1.070312,-5.953125,8.75,-1.070312,-6.697266,7.890625,-1.070312,-7.125,7.5,-1.070312,-3.375,10,-4.995313,-3.375,9.225,-4.841992,-4.857422,8.864649,-1.070312,-4.857422,9.609375,-4.504687,-5.953125,8.071875,-1.070312,-5.953125,8.75,-4.167383,-6.697266,7.279101,-1.070312,-6.697266,7.890625,-4.014062,-7.125,6.91875,-1.070312,-7.125,7.5,-8.170312,-3.375,7.1,-7.892968,-4.857422,6.822656,-7.282812,-5.953125,6.2125,-6.672656,-6.697266,5.602344,-6.395312,-7.125,5.325,-10.295313,-3.375,3.925,-9.934961,-4.857422,3.77168,-9.142187,-5.953125,3.434375,-8.349414,-6.697266,3.09707,-7.989062,-7.125,2.94375,-11.070313,-3.375,0,-10.679688,-4.857422,0,-9.820313,-5.953125,0,-8.960938,-6.697266,0,-8.570313,-7.125,0,-11.070313,-3.375,0,-10.295313,-3.375,-3.925,-9.934961,-4.857422,-3.77168,-10.679688,-4.857422,0,-9.142187,-5.953125,-3.434375,-9.820313,-5.953125,0,-8.349414,-6.697266,-3.09707,-8.960938,-6.697266,0,-7.989062,-7.125,-2.94375,-8.570313,-7.125,0,-8.170312,-3.375,-7.1,-7.892968,-4.857422,-6.822656,-7.282812,-5.953125,-6.2125,-6.672656,-6.697266,-5.602344,-6.395312,-7.125,-5.325,-4.995313,-3.375,-9.225,-4.841992,-4.857422,-8.864649,-4.504687,-5.953125,-8.071875,-4.167383,-6.697266,-7.279101,-4.014062,-7.125,-6.91875,-1.070312,-3.375,-10,-1.070312,-4.857422,-9.609375,-1.070312,-5.953125,-8.75,-1.070312,-6.697266,-7.890625,-1.070312,-7.125,-7.5,-1.070312,-3.375,-10,2.854688,-3.375,-9.225,2.701367,-4.857422,-8.864649,-1.070312,-4.857422,-9.609375,2.364063,-5.953125,-8.071875,-1.070312,-5.953125,-8.75,2.026758,-6.697266,-7.279101,-1.070312,-6.697266,-7.890625,1.873438,-7.125,-6.91875,-1.070312,-7.125,-7.5,6.029688,-3.375,-7.1,5.752343,-4.857422,-6.822656,5.142187,-5.953125,-6.2125,4.532031,-6.697266,-5.602344,4.254687,-7.125,-5.325,8.154688,-3.375,-3.925,7.794336,-4.857422,-3.77168,7.001562,-5.953125,-3.434375,6.208789,-6.697266,-3.09707,5.848437,-7.125,-2.94375,8.929688,-3.375,0,8.539063,-4.857422,0,7.679688,-5.953125,0,6.820313,-6.697266,0,6.429688,-7.125,0,6.429688,-7.125,0,5.848437,-7.125,2.94375,5.691685,-7.400391,2.877056,6.259766,-7.400391,0,4.853868,-7.640625,2.520586,5.351563,-7.640625,0,2.783648,-7.810547,1.639761,3.107422,-7.810547,0,-1.070312,-7.875,0,4.254687,-7.125,5.325,4.134043,-7.400391,5.204355,3.489219,-7.640625,4.559531,1.895879,-7.810547,2.966191,-1.070312,-7.875,0,1.873438,-7.125,6.91875,1.806743,-7.400391,6.761997,1.450274,-7.640625,5.92418,0.569448,-7.810547,3.85396,-1.070312,-7.875,0,-1.070312,-7.125,7.5,-1.070312,-7.400391,7.330078,-1.070312,-7.640625,6.421875,-1.070312,-7.810547,